resolved_taxon,Ctrl1,Ctrl2,Ctrl3,Ctrl4,RB1,RB2,RB3,RB4,FRB1,FRB2,FRB3,FRB4
A2,0.0,0.0,0.00684931506849315,0.0,0.0,0.017472958516581483,0.021336680263570756,0.0,0.01063410791650256,0.008631473605203903,0.020886889460154243,0.016230315911506133
ASF356,0.0,0.0027502750275027505,0.0,0.011317999269806499,0.007548526240115025,0.005230001188636634,0.0018826482585503608,0.0022954361328652445,0.0,0.0015011258443832875,0.0,0.002994879721766013
Acetatifactor,0.0,0.0,0.0,0.0,0.0,0.0,0.009256353937872608,0.0,0.0,0.0,0.0,0.0
Akkermansia,0.0,0.0,0.0,0.0,0.0,0.0,0.0,0.0,0.0009189969804384928,0.0,0.0,0.0
Alistipes,0.01374633431085044,0.0033003300330033004,0.01629664619744922,0.020080321285140562,0.0,0.010697729704029478,0.018669595230624413,0.02281933567377802,0.019167651306288565,0.01075806855141356,0.015638389031705228,0.018355714423727177
Alloprevotella,0.021444281524926685,0.01485148514851485,0.01889466225791214,0.01624680540343191,0.0,0.005348864852014739,0.0,0.026735079665136375,0.02179335696468426,0.01576182136602452,0.01017566409597258,0.009660902328277461
Anaerotruncus,0.01594574780058651,0.008434176751008434,0.004487482286254133,0.0038335158817086527,0.0,0.002258409604184001,0.0,0.0,0.0015754233950374162,0.0008756567425569177,0.0019280205655526992,0.0030914887450487877
Bacteroides,0.06653225806451613,0.08214154748808214,0.05951818611242324,0.07082876962395035,0.015815959741193385,0.024961369309402116,0.03153435833071854,0.04023764515257899,0.03636602336878036,0.013760320240180136,0.021422450728363324,0.007825330885904744
Bifidobacterium,0.05333577712609971,0.04968830216354969,0.0533774208786018,0.029755385177071925,0.16714593817397555,0.02935932485439201,0.05961719485409476,0.048474210099918986,0.04450571090980701,0.0509131848886665,0.03984575835475578,0.03487585740508164
Butyricicoccus,0.0,0.0,0.0,0.0,0.0,0.0,0.0,0.0036456926816095057,0.0,0.0,0.0012853470437017994,0.0
Candidatus_Saccharimonas,0.0,0.0,0.0,0.0,0.0,0.0,0.0,0.0,0.0,0.0,0.002356469580119966,0.0
Clostridia_UCG-014,0.03903958944281525,0.03850385038503851,0.07085498346717052,0.028660094925155165,0.007548526240115025,0.043028646142874126,0.009727016002510198,0.007291385363219011,0.017460942628331363,0.019389542156617465,0.03513281919451585,0.008115157955753067
Clostridia_vadinBB60_group,0.0,0.0009167583425009168,0.01653282947567312,0.045454545454545456,0.0,0.0021395459408058955,0.0015688735487919673,0.0,0.0005251411316791387,0.0,0.0,0.0
Clostridium_sensu_stricto_1,0.0,0.0,0.01983939537080775,0.019532676159182184,0.0,0.012242957327944847,0.011609664261060559,0.010261949770456387,0.014703951687015885,0.009882411808856642,0.009640102827763496,0.01381509032943677
Colidextribacter,0.0,0.0,0.0,0.012413289521723256,0.0,0.01319386663496969,0.012394101035456542,0.01053200108020524,0.00420112905343311,0.0,0.00728363324764353,0.010143947444691334
Coriobacteriaceae_UCG-002,0.004398826979472141,0.005317198386505317,0.00826641473783656,0.004381161007667032,0.0,0.0,0.0,0.0,0.0,0.0,0.0,0.0
Curtobacterium,0.0,0.0,0.0,0.0,0.0,0.0,0.0,0.0,0.0,0.0051288466349762325,0.0,0.014298135445850643
Desulfovibrio,0.009897360703812317,0.0,0.004487482286254133,0.00547645125958379,0.004313443565780014,0.009627956733626531,0.008942579228114214,0.0070213340534701595,0.0032821320729946174,0.009632224168126095,0.005891173950299915,0.007921939909187518
Dubosiella,0.12939882697947214,0.14998166483314998,0.13556920170051961,0.11409273457466229,0.1746944644140906,0.07024842505646024,0.09507373705679323,0.07291385363219012,0.0,0.004503377533149862,0.003641816623821765,0.0
Enterorhabdus,0.0,0.004767143381004767,0.004723665564478035,0.0,0.013299784327821711,0.019255913467253062,0.022278004392845937,0.0068863083985957335,0.046343704870684,0.06367275456592444,0.03577549271636675,0.03535890252149551
Erysipelatoclostridium,0.0,0.0018335166850018336,0.0,0.0009127418765972983,0.0,0.0,0.0,0.0,0.0,0.0,0.0,0.0
Erysipelotrichaceae,0.0,0.0,0.0,0.0,0.0,0.0,0.0,0.0005401026194977045,0.0,0.0,0.0,0.0
F_Anaerovoracaceae,0.0,0.0018335166850018336,0.0,0.0016429353778751369,0.0,0.0,0.0007844367743959837,0.0,0.0,0.0,0.0,0.0005796541396966477
F_Desulfovibrionaceae,0.0,0.0,0.0,0.0,0.0,0.0014263639605372638,0.0,0.0,0.0,0.0,0.003213367609254499,0.0
F_Eggerthellaceae,0.0,0.0,0.0,0.0,0.0,0.0,0.0,0.0,0.0,0.002251688766574931,0.0,0.0008694812095449715
F_Enterobacteriaceae,0.0,0.0,0.0,0.0,0.0,0.0,0.0,0.0,0.02074307470132598,0.002501876407305479,0.02131533847472151,0.0125591730267607
F_Erwiniaceae,0.0,0.0,0.0,0.0,0.0,0.0,0.0,0.0,0.012734672443219115,0.0,0.013817480719794344,0.0
F_Erysipelotrichaceae,0.0005498533724340176,0.0,0.0,0.0,0.0,0.0,0.0,0.0,0.0,0.0,0.0,0.0
F_Lachnospiraceae,0.16055718475073313,0.1123945727906124,0.05668398677373642,0.10094925155166119,0.028396836808051763,0.15999049090692974,0.13868842171320991,0.1968674048069133,0.05763423920178548,0.1373530147610708,0.1493144815766924,0.20722635494155153
F_Lactobacillaceae,0.021077712609970673,0.018151815181518153,0.02550779404818139,0.01077035414384812,0.0927390366642703,0.026744324260073695,0.03624097897709445,0.03956251687820686,0.08507286333202048,0.12459344508381286,0.07712082262210797,0.055453579364312625
F_Oscillospiraceae,0.021077712609970673,0.008617528419508618,0.01582427964100142,0.04089083607155896,0.0,0.02127659574468085,0.023376215877000315,0.02349446394815015,0.018248654325850072,0.01388541406054541,0.014674378748928877,0.016037097864940585
F_Ruminococcaceae,0.0018328445747800588,0.0,0.0,0.0,0.0,0.0035659099013431593,0.0,0.0017553335133675399,0.003019561507155048,0.0007505629221916438,0.002356469580119966,0.00627958651338035
Faecalibaculum,0.015212609970674487,0.011001100110011002,0.015588096362777516,0.012595837897042717,0.020129403306973402,0.006537501485795792,0.011609664261060559,0.007291385363219011,0.016935801496652227,0.017262947210407806,0.011568123393316195,0.022606511448169258
Family_XIII_UCG-001,0.0,0.0,0.0,0.0,0.0,0.0,0.0,0.0,0.0,0.0,0.0,0.0007728721862621969
Fusobacterium,0.0,0.0,0.0,0.0,0.0,0.0008320456436467372,0.0,0.0,0.0,0.0,0.0,0.0
GCA-900066575,0.023277126099706745,0.026402640264026403,0.02456306093528578,0.01533406352683461,0.0,0.011886366337810532,0.0,0.0,0.00813968754102665,0.009131848886664998,0.008783204798628963,0.009950729398125784
Gastranaerophilales,0.0,0.0,0.0,0.0,0.0,0.0,0.0,0.0,0.0019692792437967705,0.0010007505629221916,0.000856898029134533,0.00251183460535214
Gemella,0.008064516129032258,0.013017968463513017,0.0033065658951346244,0.006936838262139467,0.0,0.004873410198502318,0.0028239723878255413,0.0,0.0,0.0,0.0,0.0
HT002,0.022727272727272728,0.03685368536853685,0.0533774208786018,0.024461482292807594,0.029834651329978434,0.009271365743492214,0.011452776906181362,0.016608155549554415,0.01654194564789287,0.02089066800100075,0.018209083119108824,0.00985412037484301
Harryflintia,0.0,0.0,0.0,0.0,0.0,0.002971591584452633,0.0009413241292751804,0.0016203078584931137,0.0,0.0,0.0,0.0
Incertae_Sedis,0.0,0.003667033370003667,0.0,0.0,0.0,0.015808867229288006,0.029494822717288986,0.02200918174453146,0.023631350925561245,0.015136352264198148,0.012210796915167094,0.02975557917109458
Intestinimonas,0.0,0.020902090209020903,0.0,0.0,0.0,0.02056341376441222,0.004863508001255099,0.008641641911963273,0.006039123014310096,0.005253940455341506,0.005034275921165381,0.012269345956912375
Lachnospiraceae_FCS020_group,0.0,0.010267693436010267,0.009919697685403874,0.013508579773640015,0.0,0.00808272910971116,0.009883903357389394,0.007831487982716717,0.0,0.0,0.0,0.0
Lachnospiraceae_NK4A136_group,0.006964809384164223,0.022185551888522184,0.023618327822390175,0.012778386272362175,0.0,0.026268869606561274,0.016630059617194853,0.03186605455036457,0.049625836943678614,0.04015511633725294,0.03888174807197944,0.02453869191382475
Lachnospiraceae_UCG-006,0.0,0.0,0.0,0.0,0.0,0.004873410198502318,0.0,0.0032406157169862274,0.0031508467900748325,0.0027520640480360272,0.018637532133676093,0.006955849676359772
Lactobacillus,0.019428152492668622,0.016685001833516684,0.0271610769957487,0.015516611902154072,0.11718188353702372,0.02935932485439201,0.05130216504549733,0.04118282473669997,0.0849415780491007,0.13872904678508882,0.07840616966580977,0.06656361704183171
Lactococcus,0.028592375366568914,0.03135313531353135,0.02456306093528578,0.016976998904709748,0.02695902228612509,0.0,0.010511452776906181,0.014177693761814745,0.03242746488118682,0.008631473605203903,0.030419880034275922,0.01381509032943677
Ligilactobacillus,0.02914222873900293,0.007517418408507517,0.01983939537080775,0.0,0.0,0.010935457030785689,0.009727016002510198,0.0055360518498514715,0.007614546409347512,0.009507130347760821,0.00889031705227078,0.010143947444691334
Limosilactobacillus,0.0,0.0,0.0,0.0,0.0,0.0,0.00031377470975839345,0.0,0.0,0.0,0.0,0.00019321804656554923
Marvinbryantia,0.020894428152492667,0.02071873854052072,0.011809163911195087,0.025009127418765972,0.006470165348670022,0.005705455842149055,0.00674615625980546,0.009586821496084256,0.008533543389786005,0.011133350012509383,0.018530419880034277,0.007535503816056419
Monoglobus,0.0,0.0,0.0,0.0,0.0,0.0,0.0,0.0,0.0072206905605881585,0.006880160120090068,0.016066838046272493,0.01362187228287122
Mucispirillum,0.0,0.0,0.000944733112895607,0.003103322380430814,0.0,0.0028527279210745276,0.0,0.0,0.0,0.0,0.002784918594687232,0.004347406047724858
Muribaculaceae,0.11766862170087977,0.13146314631463146,0.12021728861596599,0.142570281124498,0.2437095614665708,0.16260549150124806,0.2023846877941638,0.14474750202538483,0.1964027832479979,0.14060545409056793,0.12350042844901457,0.1301323543618974
Muribaculum,0.0,0.0,0.0,0.004198612632347572,0.0,0.0028527279210745276,0.003922183871979918,0.0036456926816095057,0.007483261126427727,0.0035026269702276708,0.004070265638389032,0.0056999323736837025
Neisseria,0.0,0.0,0.004251299008030231,0.003103322380430814,0.0,0.0,0.0020395356134295575,0.0,0.0,0.0018764073054791093,0.0010711225364181663,0.00019321804656554923
Oscillibacter,0.006414956011730206,0.0,0.007794048181388758,0.014238773274917854,0.0,0.014501366932128848,0.013021650454973329,0.01822846340804753,0.004069843770513325,0.0,0.0,0.016809970051202782
Parabacteroides,0.012829912023460411,0.011367803447011368,0.01771374586679263,0.008397225264695144,0.0,0.01604659455604422,0.019767806714778787,0.01606805293005671,0.015754233950374164,0.00412809607205404,0.002892030848329049,0.01381509032943677
Parasutterella,0.005681818181818182,0.02566923359002567,0.027869626830420408,0.011500547645125958,0.0,0.011054320694163794,0.022434891747725134,0.005130974885228194,0.015885519233293947,0.0,0.009961439588688946,0.01004733842140856
Peptococcus,0.0,0.0,0.0,0.0,0.0,0.0016640912872934743,0.0012550988390335738,0.0,0.0,0.0,0.0,0.0014491353492416192
Porphyromonas,0.0016495601173020528,0.0,0.0,0.0,0.0,0.0,0.0,0.0,0.0,0.0,0.0,0.0
Prevotella,0.0,0.0,0.0,0.0,0.0,0.0,0.0,0.0,0.0002625705658395694,0.0,0.0,0.0
Prevotella_7,0.0,0.0003667033370003667,0.0,0.0,0.0,0.0,0.0,0.0,0.0,0.0,0.0,0.0
Prevotellaceae_UCG-001,0.0,0.0,0.0,0.0,0.0,0.0010697729704029478,0.0012550988390335738,0.0,0.006170408297229881,0.0011258443832874655,0.004070265638389032,0.0028982706984832384
RF39,0.0009164222873900294,0.0,0.0,0.0,0.0,0.0,0.0,0.0,0.0014441381121176316,0.0002501876407305479,0.0,0.0
Rikenellaceae_RC9_gut_group,0.012829912023460411,0.00935093509350935,0.01771374586679263,0.0,0.0050323508267433505,0.0032093189112088433,0.0031377470975839346,0.0,0.009846396218983852,0.0005003752814610958,0.005141388174807198,0.008308376002318617
Romboutsia,0.0,0.0088008800880088,0.0,0.0,0.0,0.014263639605372637,0.0,0.01053200108020524,0.01483523696993567,0.014385789342006504,0.014995715509854327,0.010143947444691334
Rothia,0.0,0.0,0.0,0.0014603870025556773,0.0,0.00023772732675621063,0.0,0.0,0.0,0.0,0.0,0.0
Staphylococcus,0.02437683284457478,0.0165016501650165,0.010392064241851677,0.013691128148959474,0.0,0.0,0.0,0.0,0.00892739923854536,0.003627720790592945,0.011139674378748929,0.009371075258429137
Streptococcus,0.0,0.0038503850385038503,0.0,0.0,0.0,0.00047545465351242125,0.0034515218073423283,0.002160410477990818,0.010502822633582775,0.0120090067550663,0.003106255355612682,0.004927060187421505
Tannerellaceae,0.012280058651026392,0.006600660066006601,0.012517713745866793,0.008762322015334063,0.0,0.0,0.0,0.0,0.0,0.0,0.0,0.0
Turicibacter,0.005865102639296188,0.006600660066006601,0.015115729806329713,0.008214676889375685,0.020129403306973402,0.016403185546178534,0.005334170065892689,0.006751282743721307,0.005776552448470526,0.00725544158118589,0.003106255355612682,0.004540624094290407
Tuzzerella,0.0031158357771260995,0.0,0.0,0.0,0.0,0.001188636633781053,0.0,0.0,0.0,0.0,0.0,0.0019321804656554922
UBA1819,0.0,0.0,0.0,0.0016429353778751369,0.0007189072609633358,0.00202068227742779,0.0020395356134295575,0.0012152308938698352,0.0,0.0,0.0,0.0
UCG-009,0.001466275659824047,0.0,0.0,0.0045637093829864915,0.0,0.005943183168905266,0.0034515218073423283,0.002565487442614097,0.0,0.0,0.0026778063410454155,0.0028016616752004637
UCG-010,0.0,0.0,0.0,0.0045637093829864915,0.0,0.0035659099013431593,0.006432381550047066,0.0027005130974885228,0.0,0.0,0.0,0.0
Unclassified,0.0,0.0,0.0,0.0003650967506389193,0.0,0.0,0.0,0.00027005130974885227,0.0013128528291978469,0.0,0.0,0.00019321804656554923
Veillonella,0.0031158357771260995,0.0012834616795012834,0.0,0.0014603870025556773,0.0,0.0,0.0,0.000945179584120983,0.0,0.0,0.0,0.0
Virgibacillus,0.0,0.0,0.0,0.0,0.003953989935298346,0.0,0.0,0.0017553335133675399,0.0,0.0,0.0,0.0
[Eubacterium]_brachy_group,0.0,0.0,0.0,0.0,0.0,0.0,0.0007844367743959837,0.0,0.0,0.0,0.0,0.0015457443725243939
[Eubacterium]_coprostanoligenes_group,0.004215542521994135,0.00935093509350935,0.0,0.0,0.0,0.015571139902531795,0.0,0.013637591142317041,0.0,0.010382787090317739,0.0074978577549271634,0.0071490677229253214
[Eubacterium]_nodatum_group,0.0,0.0,0.0,0.0,0.0,0.001188636633781053,0.0,0.0,0.0,0.0,0.0,0.0
[Eubacterium]_xylanophilum_group,0.0,0.0,0.0,0.0,0.013299784327821711,0.014263639605372637,0.0,0.01984877126654064,0.008008402258106867,0.0,0.01049700085689803,0.007342285769490871
uncultured,0.05443548387096774,0.044737807114044736,0.03401039206424185,0.0878057685286601,0.0010783608914450035,0.07298228931415666,0.040006275494195165,0.058871185525249795,0.007614546409347512,0.018138603952964724,0.03427592116538132,0.04357066950053135
